-- phpMyAdmin SQL Dump
-- version 4.7.1
-- https://www.phpmyadmin.net/
--
-- Хост: k23.hostenko.com
-- Время создания: Дек 28 2017 г., 14:24
-- Версия сервера: 5.6.36-cll-lve
-- Версия PHP: 7.1.12

SET SQL_MODE = "NO_AUTO_VALUE_ON_ZERO";
SET AUTOCOMMIT = 0;
START TRANSACTION;
SET time_zone = "+00:00";


/*!40101 SET @OLD_CHARACTER_SET_CLIENT=@@CHARACTER_SET_CLIENT */;
/*!40101 SET @OLD_CHARACTER_SET_RESULTS=@@CHARACTER_SET_RESULTS */;
/*!40101 SET @OLD_COLLATION_CONNECTION=@@COLLATION_CONNECTION */;
/*!40101 SET NAMES utf8mb4 */;

--
-- База данных: `rfafs_56524`
--

-- --------------------------------------------------------

--
-- Структура таблицы `battles`
--

CREATE TABLE `battles` (
  `id` int(11) NOT NULL,
  `side_a` int(11) NOT NULL COMMENT 'Команда 1',
  `side_b` int(11) NOT NULL COMMENT 'Команда 2',
  `grade` int(11) NOT NULL COMMENT 'Если кубок Лиги, то тут 0. Вообще это показатель ступени в турнирной таблице. Это степень двойки. Если тут стоит 6, то это турнир на 64 игрока. 6 раскладывается на 2 по 5grade боев, две по 5grade раскладываются на 4 по 4grade боев и так далее. Всё это раскладывание делает скрипт пхп создавая нужное количество боев, начиная с высокого грейда следуя к меньшему(когда бой раскладывается на меньшие, то заполняются поля battle_a,battle_b значениями айдишников с созданных боев)',
  `battle_a` int(11) DEFAULT '0' COMMENT 'Id боя, победитель которого теперь участвует в этом бое (side_a команда)',
  `battle_b` int(11) DEFAULT '0' COMMENT 'Id боя, победитель которого теперь участвует в этом бое (side_b команда)',
  `winner` int(11) NOT NULL DEFAULT '0' COMMENT 'Id комады-победителя',
  `looser` int(11) NOT NULL COMMENT 'Id проигравшей команды',
  `cup_id` int(11) NOT NULL DEFAULT '0',
  `datetime` timestamp NOT NULL DEFAULT CURRENT_TIMESTAMP COMMENT 'Запланированное время боя',
  `battle_c` int(11) DEFAULT '0' COMMENT 'Id боя, в котором будет участвовать победитель. Если стоит -1, то это значит, что это последний бой кубка межсезонья'
) ENGINE=InnoDB DEFAULT CHARSET=utf8;

--
-- Дамп данных таблицы `battles`
--

INSERT INTO `battles` (`id`, `side_a`, `side_b`, `grade`, `battle_a`, `battle_b`, `winner`, `looser`, `cup_id`, `datetime`, `battle_c`) VALUES
(50, 56, 32, -1, 0, 0, 32, 56, 2, '2017-06-06 09:00:00', 0),
(51, 30, 29, -1, 0, 0, 30, 29, 2, '2017-06-04 00:00:00', 0),
(52, 30, 32, -1, 0, 0, 30, 32, 2, '2017-06-03 17:00:00', 0),
(53, 28, 45, -1, 0, 0, 45, 28, 2, '2017-06-14 06:00:00', 0),
(54, 29, 32, -1, 0, 0, 32, 29, 2, '2017-06-03 05:00:00', 0),
(58, 26, 34, -1, 0, 0, 34, 26, 2, '2017-06-05 01:45:00', 0),
(59, 30, 34, -1, 0, 0, 34, 30, 2, '2017-06-06 14:30:00', 0),
(62, 34, 26, -1, 0, 0, 26, 34, 2, '2017-06-06 21:00:00', 0),
(71, 56, 55, -1, 0, 0, 56, 55, 2, '2017-06-14 03:00:00', 0),
(72, 26, 56, -1, 0, 0, 56, 26, 2, '2017-06-06 18:00:00', 0),
(73, 29, 56, -1, 0, 0, 29, 56, 2, '2017-06-08 14:30:00', 0),
(455, 26, 33, -1, 0, 0, 33, 26, 2, '2017-07-15 17:00:00', 0),
(460, 32, 29, 3, 461, 462, 29, 32, 52, '2017-07-26 17:00:00', -1),
(461, 32, 27, 2, 463, 464, 32, 27, 52, '2017-07-16 14:30:00', 460),
(462, 34, 29, 2, 465, 466, 29, 34, 52, '2017-07-25 17:00:00', 460),
(463, 32, 56, 1, 467, 468, 32, 56, 52, '2017-07-21 17:00:00', 461),
(464, 27, 52, 1, 469, 470, 27, 52, 52, '2017-07-22 17:00:00', 461),
(465, 34, 28, 1, 471, 472, 34, 28, 52, '2017-07-23 17:00:00', 462),
(466, 29, 55, 1, 473, 474, 29, 55, 52, '2017-07-24 17:00:00', 462),
(467, 54, 32, 0, 0, 0, 32, 54, 52, '2017-07-10 17:00:00', 463),
(468, 56, 53, 0, 0, 0, 56, 53, 52, '2017-07-11 17:00:00', 463),
(469, 51, 27, 0, 0, 0, 27, 51, 52, '2017-07-12 17:00:00', 464),
(470, 30, 52, 0, 0, 0, 52, 30, 52, '2017-07-13 17:00:00', 464),
(471, 31, 34, 0, 0, 0, 34, 31, 52, '2017-07-14 17:00:00', 465),
(472, 28, 33, 0, 0, 0, 28, 33, 52, '2017-07-15 17:00:00', 465),
(473, 29, 26, 0, 0, 0, 29, 26, 52, '2017-07-16 17:00:00', 466),
(474, 55, 45, 0, 0, 0, 55, 45, 52, '2017-07-17 17:00:00', 466),
(476, 32, 33, -1, 0, 0, 32, 33, 54, '2017-07-10 00:00:00', 0),
(477, 32, 30, -1, 0, 0, 30, 32, 54, '2017-07-17 23:00:00', 0),
(478, 29, 54, -1, 0, 0, 54, 29, 54, '2017-07-05 22:30:00', 0),
(479, 55, 56, -1, 0, 0, 56, 55, 54, '2017-07-12 00:30:00', 0),
(480, 55, 52, 2, 481, 482, 55, 52, 55, '2017-06-14 17:00:00', -1),
(481, 55, 26, 1, 483, 484, 55, 26, 55, '2017-06-12 17:00:00', 480),
(482, 52, 56, 1, 485, 486, 52, 56, 55, '2017-06-13 17:00:00', 480),
(483, 55, 28, 0, 0, 0, 55, 28, 55, '2017-06-08 17:00:00', 481),
(484, 26, 34, 0, 0, 0, 26, 34, 55, '2017-06-09 17:00:00', 481),
(485, 52, 45, 0, 0, 0, 52, 45, 55, '2017-06-10 17:00:00', 482),
(486, 56, 31, 0, 0, 0, 56, 31, 55, '2017-06-11 17:00:00', 482),
(487, 33, 28, -1, 0, 0, 33, 0, 54, '2017-07-13 23:30:00', 0),
(488, 31, 29, -1, 0, 0, 31, 0, 54, '2017-07-10 23:00:00', 0),
(489, 30, 31, -1, 0, 0, 30, 0, 54, '2017-07-12 23:00:00', 0),
(490, 30, 31, -1, 0, 0, 31, 0, 54, '2017-07-13 22:00:00', 0),
(491, 55, 52, 2, 492, 493, 55, 52, 56, '2017-07-08 17:00:00', -1),
(492, 55, 53, 1, 494, 495, 55, 53, 56, '2017-07-06 17:00:00', 491),
(493, 52, 51, 1, 496, 497, 52, 51, 56, '2017-07-07 17:00:00', 491),
(494, 34, 55, 0, 0, 0, 55, 34, 56, '2017-07-02 17:00:00', 492),
(495, 53, 54, 0, 0, 0, 53, 54, 56, '2017-07-03 17:00:00', 492),
(496, 52, 45, 0, 0, 0, 52, 45, 56, '2017-07-04 17:00:00', 493),
(497, 51, 33, 0, 0, 0, 51, 33, 56, '2017-07-05 17:00:00', 493),
(498, 52, 80, -1, 0, 0, 52, 80, 57, '2017-07-19 10:00:00', 0),
(499, 52, 33, -1, 0, 0, 52, 33, 57, '2017-07-19 04:30:00', 0),
(500, 33, 80, -1, 0, 0, 80, 33, 57, '2017-07-17 23:00:00', 0),
(501, 26, 29, -1, 0, 0, 26, 29, 58, '2017-07-18 23:00:00', 0),
(502, 26, 28, -1, 0, 0, 26, 28, 58, '2017-07-12 22:00:00', 0),
(503, 28, 29, -1, 0, 0, 28, 29, 58, '2017-07-18 21:30:00', 0),
(504, 57, 58, -1, 0, 0, 57, 58, 59, '2017-07-20 16:00:00', 0),
(505, 58, 59, -1, 0, 0, 59, 58, 59, '2017-07-21 16:00:00', 0),
(506, 59, 57, -1, 0, 0, 57, 59, 59, '2017-07-22 16:00:00', 0),
(507, 34, 45, -1, 0, 0, 0, 0, 59, '2017-08-15 16:30:00', 0),
(508, 28, 32, -1, 0, 0, 28, 32, 59, '2017-08-14 07:00:00', 0),
(509, 51, 31, 3, 510, 511, 31, 51, 60, '2017-08-16 17:00:00', -1),
(510, 61, 51, 2, 512, 513, 51, 61, 60, '2017-08-12 17:00:00', 509),
(511, 31, 54, 2, 514, 515, 31, 54, 60, '2017-08-15 17:00:00', 509),
(512, 28, 61, 1, 516, 517, 61, 28, 60, '2017-08-10 17:00:00', 510),
(513, 51, 52, 1, 518, 519, 51, 52, 60, '2017-08-11 17:00:00', 510),
(514, 58, 31, 1, 520, 521, 31, 58, 60, '2017-08-13 17:00:00', 511),
(515, 54, 29, 1, 522, 523, 54, 29, 60, '2017-08-14 17:00:00', 511),
(516, 28, 27, 0, 0, 0, 28, 27, 60, '2017-08-02 17:00:00', 512),
(517, 61, 45, 0, 0, 0, 61, 45, 60, '2017-08-03 17:00:00', 512),
(518, 51, 30, 0, 0, 0, 51, 30, 60, '2017-08-04 17:00:00', 513),
(519, 33, 52, 0, 0, 0, 52, 33, 60, '2017-08-05 17:00:00', 513),
(520, 80, 58, 0, 0, 0, 58, 80, 60, '2017-08-06 17:00:00', 514),
(521, 32, 31, 0, 0, 0, 31, 32, 60, '2017-08-07 17:00:00', 514),
(522, 26, 54, 0, 0, 0, 54, 26, 60, '2017-08-08 17:00:00', 515),
(523, 29, 55, 0, 0, 0, 29, 55, 60, '2017-08-09 17:00:00', 515),
(524, 27, 28, -1, 0, 0, 27, 28, 61, '2017-08-09 17:30:00', 0),
(525, 28, 29, -1, 0, 0, 29, 28, 61, '2017-08-10 17:00:00', 0),
(526, 27, 29, -1, 0, 0, 27, 29, 61, '2017-08-11 17:00:00', 0),
(528, 33, 45, -1, 0, 0, 0, 0, 61, '2017-08-14 23:00:00', 0);

-- --------------------------------------------------------

--
-- Структура таблицы `cups`
--

CREATE TABLE `cups` (
  `id` int(11) NOT NULL,
  `type` tinyint(4) NOT NULL COMMENT 'Тип кубка. 0 - кубок межсезонья, 1-кубок лиги WS',
  `datetime` timestamp NOT NULL DEFAULT CURRENT_TIMESTAMP
) ENGINE=InnoDB DEFAULT CHARSET=utf8;

--
-- Дамп данных таблицы `cups`
--

INSERT INTO `cups` (`id`, `type`, `datetime`) VALUES
(2, 1, '2017-06-06 18:00:00'),
(50, 0, '2017-07-14 14:33:46'),
(51, 0, '2017-07-15 13:05:58'),
(52, 0, '2017-07-15 13:08:46'),
(54, 1, '2017-07-18 08:39:27'),
(55, 0, '2017-07-18 08:40:58'),
(56, 0, '2017-07-18 08:42:30'),
(57, 1, '2017-07-20 08:54:15'),
(58, 1, '2017-07-20 08:57:21'),
(59, 1, '2017-07-23 08:51:27'),
(60, 0, '2017-08-14 10:48:26'),
(61, 1, '2017-08-14 10:56:15');

-- --------------------------------------------------------

--
-- Структура таблицы `cups_teams`
--

CREATE TABLE `cups_teams` (
  `id` int(11) NOT NULL,
  `team_id` int(11) NOT NULL,
  `cup_id` int(11) NOT NULL
) ENGINE=InnoDB DEFAULT CHARSET=utf8;

--
-- Дамп данных таблицы `cups_teams`
--

INSERT INTO `cups_teams` (`id`, `team_id`, `cup_id`) VALUES
(119, 26, 28),
(120, 27, 28),
(121, 28, 28),
(122, 29, 28),
(123, 30, 28),
(124, 31, 28),
(125, 32, 28),
(126, 33, 28),
(127, 28, 29),
(128, 29, 29),
(129, 30, 30),
(130, 31, 30),
(131, 28, 30),
(132, 29, 30),
(133, 32, 30),
(134, 33, 30),
(135, 26, 30),
(136, 45, 30),
(137, 31, 31),
(138, 32, 31),
(139, 33, 31),
(140, 29, 31),
(141, 30, 31),
(142, 34, 31),
(143, 45, 31),
(144, 51, 31),
(145, 26, 32),
(146, 27, 32),
(147, 28, 32),
(148, 29, 32),
(149, 30, 32),
(150, 31, 32),
(151, 32, 32),
(152, 33, 32),
(153, 31, 33),
(154, 32, 33),
(155, 33, 33),
(156, 34, 33),
(157, 45, 33),
(158, 51, 33),
(159, 52, 33),
(160, 53, 33),
(161, 27, 34),
(162, 28, 34),
(163, 29, 34),
(164, 30, 34),
(165, 51, 35),
(166, 52, 35),
(167, 54, 35),
(168, 55, 35),
(169, 27, 36),
(170, 28, 36),
(171, 30, 37),
(172, 31, 37),
(173, 32, 37),
(174, 27, 37),
(175, 28, 37),
(176, 29, 37),
(177, 33, 37),
(178, 34, 37),
(179, 26, 38),
(180, 27, 38),
(181, 28, 38),
(182, 29, 38),
(183, 30, 38),
(184, 31, 38),
(185, 32, 38),
(186, 33, 38),
(187, 26, 39),
(188, 27, 39),
(189, 28, 39),
(190, 29, 39),
(191, 30, 39),
(192, 31, 39),
(193, 32, 39),
(194, 33, 39),
(195, 27, 40),
(196, 28, 40),
(197, 29, 40),
(198, 30, 40),
(199, 31, 40),
(200, 32, 40),
(201, 33, 40),
(202, 34, 40),
(203, 26, 41),
(204, 27, 41),
(205, 28, 41),
(206, 29, 41),
(207, 30, 41),
(208, 31, 41),
(209, 32, 41),
(210, 33, 41),
(211, 29, 42),
(212, 30, 42),
(213, 31, 42),
(214, 32, 42),
(215, 28, 42),
(216, 33, 42),
(217, 34, 42),
(218, 27, 42),
(219, 26, 43),
(220, 27, 43),
(221, 28, 43),
(222, 29, 43),
(223, 30, 43),
(224, 31, 43),
(225, 32, 43),
(226, 33, 43),
(227, 26, 44),
(228, 27, 44),
(229, 28, 44),
(230, 29, 44),
(231, 30, 44),
(232, 31, 44),
(233, 32, 44),
(234, 33, 44),
(235, 34, 45),
(236, 45, 45),
(237, 51, 45),
(238, 52, 45),
(239, 53, 45),
(240, 54, 45),
(241, 55, 45),
(242, 56, 45),
(243, 26, 46),
(244, 30, 46),
(245, 33, 46),
(246, 52, 46),
(247, 55, 46),
(248, 29, 46),
(249, 32, 46),
(250, 28, 46),
(251, 26, 47),
(252, 27, 47),
(253, 28, 47),
(254, 29, 47),
(255, 30, 47),
(256, 31, 47),
(257, 32, 47),
(258, 33, 47),
(259, 34, 47),
(260, 45, 47),
(261, 51, 47),
(262, 52, 47),
(263, 53, 47),
(264, 54, 47),
(265, 55, 47),
(266, 56, 47),
(267, 26, 48),
(268, 27, 48),
(269, 28, 48),
(270, 29, 48),
(271, 30, 48),
(272, 31, 48),
(273, 32, 48),
(274, 33, 48),
(275, 34, 48),
(276, 45, 48),
(277, 51, 48),
(278, 52, 48),
(279, 53, 48),
(280, 54, 48),
(281, 55, 48),
(282, 56, 48),
(283, 57, 48),
(284, 58, 48),
(285, 59, 48),
(286, 60, 48),
(287, 61, 48),
(288, 62, 48),
(289, 63, 48),
(290, 64, 48),
(291, 65, 48),
(292, 66, 48),
(293, 67, 48),
(294, 68, 48),
(295, 69, 48),
(296, 70, 48),
(297, 71, 48),
(298, 72, 48),
(299, 27, 49),
(300, 28, 49),
(301, 29, 49),
(302, 30, 49),
(303, 31, 49),
(304, 32, 49),
(305, 33, 49),
(306, 45, 49),
(307, 26, 50),
(308, 27, 50),
(309, 26, 51),
(310, 27, 51),
(311, 28, 51),
(312, 29, 51),
(313, 26, 52),
(314, 27, 52),
(315, 28, 52),
(316, 29, 52),
(317, 30, 52),
(318, 31, 52),
(319, 32, 52),
(320, 33, 52),
(321, 34, 52),
(322, 45, 52),
(323, 51, 52),
(324, 52, 52),
(325, 53, 52),
(326, 54, 52),
(327, 55, 52),
(328, 56, 52),
(329, 26, 55),
(330, 28, 55),
(331, 31, 55),
(332, 34, 55),
(333, 52, 55),
(334, 55, 55),
(335, 56, 55),
(336, 45, 55),
(337, 55, 56),
(338, 54, 56),
(339, 53, 56),
(340, 52, 56),
(341, 51, 56),
(342, 45, 56),
(343, 34, 56),
(344, 33, 56),
(345, 26, 60),
(346, 51, 60),
(347, 52, 60),
(348, 61, 60),
(349, 32, 60),
(350, 45, 60),
(351, 30, 60),
(352, 27, 60),
(353, 28, 60),
(354, 29, 60),
(355, 33, 60),
(356, 54, 60),
(357, 58, 60),
(358, 80, 60),
(359, 31, 60),
(360, 55, 60);

-- --------------------------------------------------------

--
-- Структура таблицы `teams`
--

CREATE TABLE `teams` (
  `id` int(11) NOT NULL,
  `name` varchar(255) NOT NULL,
  `email` varchar(255) NOT NULL,
  `password` varchar(255) NOT NULL,
  `logo` varchar(255) NOT NULL,
  `kapitan` varchar(255) NOT NULL,
  `osnova1` varchar(255) NOT NULL,
  `osnova2` varchar(255) NOT NULL,
  `osnova3` varchar(255) NOT NULL,
  `osnova4` varchar(255) NOT NULL,
  `standin1` varchar(255) NOT NULL,
  `standin2` varchar(255) NOT NULL,
  `standin3` varchar(255) NOT NULL,
  `standin4` varchar(255) NOT NULL,
  `standin5` varchar(255) NOT NULL,
  `trainer` varchar(255) NOT NULL,
  `email_token` varchar(255) NOT NULL,
  `email_confirmed` int(11) NOT NULL DEFAULT '0',
  `admin_approved` int(11) NOT NULL DEFAULT '0',
  `role` varchar(255) NOT NULL,
  `visible` tinyint(1) NOT NULL DEFAULT '1',
  `cup_league` int(11) NOT NULL DEFAULT '0',
  `static_cup_league` int(11) NOT NULL,
  `cup_off_season` int(11) NOT NULL DEFAULT '0',
  `static_cup_off_season` int(11) NOT NULL,
  `wins` int(11) NOT NULL DEFAULT '0',
  `static_wins` int(11) NOT NULL,
  `defeats` int(11) NOT NULL DEFAULT '0',
  `static_defeats` int(11) NOT NULL
) ENGINE=InnoDB DEFAULT CHARSET=utf8;

--
-- Дамп данных таблицы `teams`
--

INSERT INTO `teams` (`id`, `name`, `email`, `password`, `logo`, `kapitan`, `osnova1`, `osnova2`, `osnova3`, `osnova4`, `standin1`, `standin2`, `standin3`, `standin4`, `standin5`, `trainer`, `email_token`, `email_confirmed`, `admin_approved`, `role`, `visible`, `cup_league`, `static_cup_league`, `cup_off_season`, `static_cup_off_season`, `wins`, `static_wins`, `defeats`, `static_defeats`) VALUES
(26, 'Нефритовое звено', 'web.1worm@mail.ru', '$2y$12$P0GZgiKmkjvQByi/0cfaee.2Iwdi//68909O2zj4ffo.euwO6RMs2', 'template/logo/1496571388.jpg', 'Фёдор Сидоров', 'Афанасий Лебедев', 'Валерий Агафонов', 'Фёдор Шарапов', 'Фёдор Мухин', 'Артур Князев', 'Богдан Сидоров', 'Сергей Князев', 'Лев Максимов', 'Афанасий Лебедев', 'Дмитрий Панов', 'D42EhfG24KhAK6ki7Gszk7F2dsBZd7fFZ797bFY6', 1, 1, '', 1, 0, 2, 0, 0, 0, 4, 0, 6),
(27, 'Black wolves', 'web.2worm@mail.ru', '$2y$12$eurnosgc81dL0A6x.znljutVuRIp5pTWiQyM0ZO17mhLgCFVzGYQm', 'template/logo/1496505097.jpg', 'Глеб Орлов', 'Максим Шарапов', 'Николай Сидоров', 'Пётр Фёдоров', 'Роман Орлов', 'Игорь Захаров', 'Сергей Осипов', 'Виктор Князев', 'Фёдор Петров', 'Николай Гусев', 'Артур Сидоров', 'd5tQZF3TbfenbKbe4E56A9Bi6Ae85458TiKFSBnT', 1, 1, '', 1, 0, 1, 0, 0, 0, 4, 0, 2),
(28, 'BLVCKMANIA', 'web.3worm@mail.ru', '$2y$12$kcorvc/p6Hp832oyXpxaZuyft4iXMqXUKeb/bIUohTOuSlYz8FUEy', 'template/logo/1496505145.jpg', 'Артём Гусев', 'Борис Орлов', 'Анатолий Фёдоров', 'Евгений Корнилов', 'Кирилл Петров', 'Максим Лебедев', 'Лев Князев', 'Александр Самсонов', 'Виталий Носов', 'Фёдор Осипов', 'Фёдор Сидоров', 'sQ5ErsQdka4sQTTSrhERf9rbKSKGshBH2sadHQhZ', 1, 1, '', 1, 0, 0, 0, 0, 0, 4, 0, 7),
(29, 'Хризолиты', 'web.4worm@mail.ru', '$2y$12$Q5iPrkiAZ0E.yPKyyYhKKeA01NCdj2b/UC8DZDTzHhHVynXOVggXq', 'template/logo/1496505558.jpg', '', '', '', '', '', '', '', '', '', '', '', 'Q9dsT2987DNdB4eaHRH338AQrAS3b4NS3R8GE8FB', 1, 1, '', 1, 0, 0, 0, 1, 0, 7, 0, 7),
(30, 'TigerClaws', 'tiger-claws@mail.ru', '$2y$10$UHZ8MYpaV9ufVYRluPVNJ.YH0IMU1N6Zqglj8YuWLedp2DFlprMOa', 'template/logo/1493031313.jpg', 'Амурский Анатолий', 'Иван', 'Пётр', 'Алексей', 'Дмитрий', 'Денис', 'Степан', 'Сергей', 'Олег', 'Максим', 'Коуч', 'AeE38K4FnAydzTSNfADinb4dT3NkZeNikdahQ4R5', 1, 1, '', 1, 0, 1, 0, 0, 0, 4, 0, 3),
(31, 'The Edge of the Victory', 'web.6worm@mail.ru', '$2y$12$hXVIQAaH9l1E.P.s2Xxql.m6DnF3.mA2S5djPdvZ5sPAEqdvPDpK2', 'template/logo/1496505242.jpg', 'Геннадий Максимов ', 'Артур Белоусов ', 'Лев Мухин ', 'Пётр Лебедев ', 'Николай Воронов ', 'Роман Носов ', 'Артур Воронов ', 'Геннадий Сидоров ', 'Пётр Фёдоров ', 'Глеб Иванов ', 'Сергей Новиков ', 'r97NTQn4bRasT5yDT8QFbnSntSA7Hb22bYAZAQQB', 1, 1, '', 1, 1, 0, 1, 1, 0, 6, 0, 2),
(32, 'Welcome to the Family', 'web.7worm@mail.ru', '$2y$12$z8ggr..p2EXzJGK5.pP56uz8m24sYBWpiHt5a4d0Vt8stSN9lUGX2', 'template/logo/1496505186.jpg', 'Владимир Самсонов', 'Дмитрий Титов', 'Сергей Фёдоров', 'Александр Белоусов', 'Богдан Белоусов', 'Анатолий Воронов', 'Артём Ковалёв', 'Игорь Гусев', 'Александр Шарапов', 'Богдан Максимов', 'Артём Мухин', 'tRSaGbEr9eYbyBrQfRKRSADYf4FGEf8ZZQ2tSrHR', 1, 1, '', 1, 0, 0, 0, 0, 0, 6, 0, 5),
(33, 'Dark Siders', 'web.8worm@mail.ru', '$2y$12$dMk4J9LEuI5RRE3pt.WxAuJlYzjs4czva.3cUV2tQkyxaKw5wIxem', 'template/logo/1490304636.jpg', 'Александр Фёдоров', 'Егор Самсонов', 'Артём Зайцев', 'Евгений Воронов', 'Глеб Зайцев', 'Владимир Сидоров', 'Дмитрий Захаров', 'Пётр Захаров', 'Николай Белоусов', 'Виктор Титов', 'Валерий Орлов', 'KBkE4SEZDKQTBSfar2ebK3HZB4ZAeYFSiShaAQ24', 1, 1, '', 1, 0, 0, 0, 0, 0, 2, 0, 6),
(34, 'Shao Kahn', 'web.9worm@mail.ru', '$2y$12$62U8CShbeCQ6lUyikB69ROMsWhzc2gLq3Hoq3JSiRBwELjHXtnc2i', 'template/logo/1496505522.jpg', 'Валерий Максимов', 'Кирилл Носов', 'Артур Катков', 'Егор Зайцев', 'Дмитрий Титов', 'Анатолий Ковалёв', 'Богдан Сидоров', 'Дмитрий Титов', 'Анатолий Захаров', 'Артём Гусев', 'Геннадий Новиков', 'K3f6kt6t2Afnf5kiHhkHiSyASZDdEeFb6Q7e84BY', 1, 1, '', 1, 0, 0, 0, 0, 0, 4, 0, 4),
(45, 'Команда №7', 'wed2gb.worm@mail.ru', '$2y$10$VRYEvO5DP1RKrutOX94Pd.ZAHSSO8C/kd6kaN9HhjylBmaZPkdd/K', 'template/logo/1496505328.jpg', 'Матроскин', '', '', '', '', '', '', '', '', '', '', 'faN8EZyG8zDhH6SeszbZN86akzefsKNBNkze8SQ6dddQ9YYsfZbTT7T6t2bK', 1, 1, '', 1, 0, 0, 0, 0, 0, 1, 0, 4),
(46, 'ADMIN', 'web.worm@mail.ru', '$2y$10$duJllP/4TLFm7JOeGdM5aurXPl72y9Ry7CdXR.xnZxcEkPUwAYYkO', 'template/logo/1493154689.jpg', 'Марсель Леонов [Trymad]', 'Максим Лева [Sedoy]', '', '', '', '', '', '', '', '', '', 'G2yiyKhGa3Kid25s6nfzKFQ2RKB8N2hhKFt6dDDesary2fQTzYe7rTY7ti56', 0, 0, 'admin', 0, 0, 0, 0, 0, 0, 0, 0, 0),
(51, 'Супер team', 'web.wo2r8m@mail.ru', '$2y$10$jH8xByJp2DB//NrN0QK6nuc8sHd6hmW1TNZ8ILg2F6nbcDDaSMIdC', 'template/logo/empty_logo.png', '', '', '', '', '', '', '', '', '', '', '', 'BTAB84yNTtD3DdhfSyFdfHszBQffth5T4sf3fEB3Z4Rn72zQh4SrB9Q3NZ77', 0, 1, '', 1, 0, 0, 0, 0, 0, 4, 0, 3),
(52, 'OWLS', 'owls@mail.ru', '$2y$10$WesjKj9BoJbMj4Cd1On1ye6zTdUM.b1Mo8ZS3v7iziZLOEET3Tkpi', 'template/logo/empty_logo.png', '', '', '', '', '', '', '', '', '', '', '', '63QZeZKknaba5Tn2GKDRDf74fKRTyNQrBsaFbNTrNZsEEFs9eTRG4KA8hdSF', 0, 1, '', 1, 0, 1, 0, 1, 0, 8, 0, 4),
(53, 'The Owls of the Forest', 'the-owls@mail.ru', '$2y$10$gDx7eqxbmCS4LS9BwUwDweGUGcclwRljz4o374K9vYPd8kvjbvixC', 'template/logo/1491934501.jpg', 'Соколов Борис', '', '', '', '', '', '', '', '', '', '', 'RyYeNZNQAy69eiEKSZKZEnty3Tt9Z9EDynG79fKzEFzHR3hyNTfe8DB2hTZ6', 0, 1, '', 1, 0, 0, 0, 0, 0, 1, 0, 2),
(54, 'Команда №9', 'w1eb.wo3rm@mail.ru', '$2y$10$FXRjuv/V3Q7aEjHlG9Gy8O0FJ0gTmIu4t9upxD0OVppb1A9ZSWEkq', 'template/logo/empty_logo.png', '1112', '', '', '', '', '', '', '', '', '', '', 'TnzbD58DaH3EbibTaidN6iT5NfRZ4BSHRbKf6HH7fABhHD4KQ6kGe6BTbdE5', 0, 1, '', 1, 0, 0, 0, 0, 0, 3, 0, 3),
(55, 'Base - 12', 'base-twelve@mail.ru', '$2y$10$mDpAueQ0D7Ho0K/5eEPZ3OkCSrtosDxZ0qutHO0U/BRCcE689/xJm', 'template/logo/1491934977.jpg', '', '', '', '', '', '', '', '', '', '', '', 'zeQhFkGnQABr5rF52KkAt7bhnTNzNdf8iZeR9Q6Nby57Kz3A8a2s83BiHbHh', 0, 1, '', 1, 0, 0, 0, 2, 0, 7, 0, 4),
(56, 'Серебро', 'trymad@yandex.ru', '$2y$10$p2.0BbAoqtxzhVm4XLEZ1OumHT9etdr3KehoZpznkyTznNppX9eAu', 'template/logo/1496571553.jpg', '', '', '', '', '', '', '', '', '', '', 'Паша Миронов', 'BAe5Q9A3HheNzGG7H8rdtFkNhDbkE3D6kHZ4GiReyZTSsnN3i56FAffGHhYb', 0, 1, 'moder', 1, 0, 0, 0, 0, 0, 5, 0, 4),
(57, 'testTeam_1', '', '', '', '', '', '', '', '', '', '', '', '', '', '', '', 0, 1, '', 1, 0, 1, 0, 0, 0, 2, 0, 0),
(58, 'testTeam_2', '', '', '', '', '', '', '', '', '', '', '', '', '', '', '', 0, 1, '', 1, 0, 0, 0, 0, 0, 1, 0, 3),
(59, 'testTeam_3', '', '', '', '', '', '', '', '', '', '', '', '', '', '', '', 0, 1, '', 1, 0, 0, 0, 0, 0, 1, 0, 1),
(60, 'testTeam_4', '', '', '', '', '', '', '', '', '', '', '', '', '', '', '', 0, 1, '', 1, 0, 0, 0, 0, 0, 0, 0, 0),
(61, 'testTeam_5', '', '', '', '', '', '', '', '', '', '', '', '', '', '', '', 0, 1, '', 1, 0, 0, 0, 0, 0, 2, 0, 1),
(62, 'testTeam_6', '', '', '', '', '', '', '', '', '', '', '', '', '', '', '', 0, 1, '', 1, 0, 0, 0, 0, 0, 0, 0, 0),
(63, 'testTeam_7', '', '', '', '', '', '', '', '', '', '', '', '', '', '', '', 0, 1, '', 1, 0, 0, 0, 0, 0, 0, 0, 0),
(64, 'testTeam_8', '', '', '', '', '', '', '', '', '', '', '', '', '', '', '', 0, 1, '', 1, 0, 0, 0, 0, 0, 0, 0, 0),
(65, 'testTeam_9', '', '', '', '', '', '', '', '', '', '', '', '', '', '', '', 0, 1, '', 1, 0, 0, 0, 0, 0, 0, 0, 0),
(66, 'testTeam_10', '', '', '', '', '', '', '', '', '', '', '', '', '', '', '', 0, 1, '', 1, 0, 0, 0, 0, 0, 0, 0, 0),
(67, 'testTeam_11', '', '', '', '', '', '', '', '', '', '', '', '', '', '', '', 0, 1, '', 1, 0, 0, 0, 0, 0, 0, 0, 0),
(68, 'testTeam_12', '', '', '', '', '', '', '', '', '', '', '', '', '', '', '', 0, 1, '', 1, 0, 0, 0, 0, 0, 0, 0, 0),
(69, 'testTeam_13', '', '', '', '', '', '', '', '', '', '', '', '', '', '', '', 0, 1, '', 1, 0, 0, 0, 0, 0, 0, 0, 0),
(70, 'testTeam_13', '', '', '', '', '', '', '', '', '', '', '', '', '', '', '', 0, 1, '', 1, 0, 0, 0, 0, 0, 0, 0, 0),
(71, 'testTeam_14', '', '', '', '', '', '', '', '', '', '', '', '', '', '', '', 0, 1, '', 1, 0, 0, 0, 0, 0, 0, 0, 0),
(72, 'testTeam_15', '', '', '', '', '', '', '', '', '', '', '', '', '', '', '', 0, 1, '', 1, 0, 0, 0, 0, 0, 0, 0, 0),
(73, 'testTeam_16', '', '', '', '', '', '', '', '', '', '', '', '', '', '', '', 0, 1, '', 1, 0, 0, 0, 0, 0, 0, 0, 0),
(74, 'testTeam_17', '', '', '', '', '', '', '', '', '', '', '', '', '', '', '', 0, 1, '', 1, 0, 0, 0, 0, 0, 0, 0, 0),
(75, 'testTeam_18', '', '', '', '', '', '', '', '', '', '', '', '', '', '', '', 0, 1, '', 1, 0, 0, 0, 0, 0, 0, 0, 0),
(76, 'testTeam_19', '', '', '', '', '', '', '', '', '', '', '', '', '', '', '', 0, 1, '', 1, 0, 0, 0, 0, 0, 0, 0, 0),
(77, 'testTeam_20', '', '', '', '', '', '', '', '', '', '', '', '', '', '', '', 0, 1, '', 1, 0, 0, 0, 0, 0, 0, 0, 0),
(78, 'testTeam_21', '', '', '', '', '', '', '', '', '', '', '', '', '', '', '', 0, 1, '', 1, 0, 0, 0, 0, 0, 0, 0, 0),
(79, 'testTeam_22', '', '', '', '', '', '', '', '', '', '', '', '', '', '', '', 0, 1, '', 1, 0, 0, 0, 0, 0, 0, 0, 0),
(80, '私は強く疑います', 'web12.worm@mail.ru', '$2y$10$od1tzrQXCFTA4M7DwLfsC.e8pvAmrpSA3Y.aM9ech1ra11eUEds9K', 'template/logo/1500477879.jpg', '', '', '', '', '', '', '', '', '', '', '', 'By43hZ6yEQK6kYyQFbdT5SrADr9687sAsfnB6fZAYyt7dQKKSRtHyH8237S2', 0, 1, '', 1, 0, 0, 0, 0, 0, 1, 0, 2);

--
-- Индексы сохранённых таблиц
--

--
-- Индексы таблицы `battles`
--
ALTER TABLE `battles`
  ADD PRIMARY KEY (`id`);

--
-- Индексы таблицы `cups`
--
ALTER TABLE `cups`
  ADD PRIMARY KEY (`id`);

--
-- Индексы таблицы `cups_teams`
--
ALTER TABLE `cups_teams`
  ADD PRIMARY KEY (`id`);

--
-- Индексы таблицы `teams`
--
ALTER TABLE `teams`
  ADD PRIMARY KEY (`id`);

--
-- AUTO_INCREMENT для сохранённых таблиц
--

--
-- AUTO_INCREMENT для таблицы `battles`
--
ALTER TABLE `battles`
  MODIFY `id` int(11) NOT NULL AUTO_INCREMENT, AUTO_INCREMENT=529;
--
-- AUTO_INCREMENT для таблицы `cups`
--
ALTER TABLE `cups`
  MODIFY `id` int(11) NOT NULL AUTO_INCREMENT, AUTO_INCREMENT=62;
--
-- AUTO_INCREMENT для таблицы `cups_teams`
--
ALTER TABLE `cups_teams`
  MODIFY `id` int(11) NOT NULL AUTO_INCREMENT, AUTO_INCREMENT=361;
--
-- AUTO_INCREMENT для таблицы `teams`
--
ALTER TABLE `teams`
  MODIFY `id` int(11) NOT NULL AUTO_INCREMENT, AUTO_INCREMENT=81;COMMIT;

/*!40101 SET CHARACTER_SET_CLIENT=@OLD_CHARACTER_SET_CLIENT */;
/*!40101 SET CHARACTER_SET_RESULTS=@OLD_CHARACTER_SET_RESULTS */;
/*!40101 SET COLLATION_CONNECTION=@OLD_COLLATION_CONNECTION */;
